{
  "paper": {
    "n": 210,
    "total_cap": 29.210567058117345,
    "mean_cap": 0.13909793837198736,
    "win_rate": 64.28571428571429,
    "max_dd_capital": 33.42087069803759,
    "sharpe": 1.008794172851086,
    "n_liquidated": 0,
    "best": 6.6332591207479625,
    "worst": -5.548968714784007
  },
  "paper_sizing_dist": {
    "5x3": 52,
    "12x3": 6,
    "3x2": 38,
    "8x3": 114
  },
  "broader": {
    "n": 940,
    "total_cap": 207.30548213402574,
    "mean_cap": 0.2205377469510912,
    "win_rate": 66.70212765957447,
    "max_dd_capital": 58.66590909629683,
    "sharpe": 2.249794249637425,
    "n_liquidated": 4,
    "best": 23.93040661157024,
    "worst": -12.0648
  },
  "broader_sizing_dist": {
    "0x0": 485,
    "5x3": 162,
    "8x3": 530,
    "12x3": 248
  },
  "dd_threshold_recommendation": {
    "max_observed": 58.66590909629683,
    "conservative": 58.66590909629683,
    "recommended_1_5x": 87.99886364444524,
    "permissive_2x": 117.33181819259366
  }
}