{
  "comparison": {
    "Rule Engine v1.1 (F cond)": {
      "label": "Rule Engine v1.1 (F cond)",
      "total_waves": 265,
      "n_skip": 97,
      "n_trade": 168,
      "trade_rate_pct": 63.39622641509434,
      "total_capital_pnl_pct": 42.69455432863214,
      "mean_cap_pnl_per_trade": 0.2541342519561437,
      "win_rate_traded": 82.14285714285714,
      "mean_raw_pnl_traded": 3.7491452112671095,
      "best_raw": 74.70008795074759,
      "worst_raw": -23.914856265086677,
      "big_wins_10pct": 23,
      "catastrophes_15pct": 4
    },
    "Rule Engine v1 (F=FOLLOW)": {
      "label": "Rule Engine v1 (F=FOLLOW)",
      "total_waves": 265,
      "n_skip": 90,
      "n_trade": 175,
      "trade_rate_pct": 66.0377358490566,
      "total_capital_pnl_pct": 43.43629256351595,
      "mean_cap_pnl_per_trade": 0.248207386077234,
      "win_rate_traded": 81.14285714285714,
      "mean_raw_pnl_traded": 3.6839494868031464,
      "best_raw": 74.70008795074759,
      "worst_raw": -23.914856265086677,
      "big_wins_10pct": 24,
      "catastrophes_15pct": 4
    },
    "Rule Engine v1 (F=SKIP)": {
      "label": "Rule Engine v1 (F=SKIP)",
      "total_waves": 265,
      "n_skip": 104,
      "n_trade": 161,
      "trade_rate_pct": 60.75471698113207,
      "total_capital_pnl_pct": 43.71315768907018,
      "mean_cap_pnl_per_trade": 0.27151029620540484,
      "win_rate_traded": 83.22981366459628,
      "mean_raw_pnl_traded": 4.0386861037368655,
      "best_raw": 74.70008795074759,
      "worst_raw": -23.914856265086677,
      "big_wins_10pct": 23,
      "catastrophes_15pct": 3
    },
    "Always FADE 5%": {
      "label": "Always FADE 5%",
      "total_waves": 265,
      "n_skip": 0,
      "n_trade": 265,
      "trade_rate_pct": 100.0,
      "total_capital_pnl_pct": 36.199233257864464,
      "mean_cap_pnl_per_trade": 0.13660088021835648,
      "win_rate_traded": 78.11320754716982,
      "mean_raw_pnl_traded": 2.732017604367129,
      "best_raw": 74.70008795074759,
      "worst_raw": -23.914856265086677,
      "big_wins_10pct": 25,
      "catastrophes_15pct": 4
    },
    "Always FADE 8%": {
      "label": "Always FADE 8%",
      "total_waves": 265,
      "n_skip": 0,
      "n_trade": 265,
      "trade_rate_pct": 100.0,
      "total_capital_pnl_pct": 57.91877321258314,
      "mean_cap_pnl_per_trade": 0.21856140834937035,
      "win_rate_traded": 78.11320754716982,
      "mean_raw_pnl_traded": 2.732017604367129,
      "best_raw": 74.70008795074759,
      "worst_raw": -23.914856265086677,
      "big_wins_10pct": 25,
      "catastrophes_15pct": 4
    },
    "Always FOLLOW 5%": {
      "label": "Always FOLLOW 5%",
      "total_waves": 265,
      "n_skip": 0,
      "n_trade": 265,
      "trade_rate_pct": 100.0,
      "total_capital_pnl_pct": -18.441066886794474,
      "mean_cap_pnl_per_trade": -0.06958893164828103,
      "win_rate_traded": 54.71698113207547,
      "mean_raw_pnl_traded": -1.3917786329656205,
      "best_raw": 35.80859375,
      "worst_raw": -39.753737906772216,
      "big_wins_10pct": 19,
      "catastrophes_15pct": 18
    },
    "Rule Engine (no SKIPs)": {
      "label": "Rule Engine (no SKIPs)",
      "total_waves": 265,
      "n_skip": 0,
      "n_trade": 265,
      "trade_rate_pct": 100.0,
      "total_capital_pnl_pct": 50.453695555246554,
      "mean_cap_pnl_per_trade": 0.19039130398206247,
      "win_rate_traded": 79.24528301886792,
      "mean_raw_pnl_traded": 2.96241215103835,
      "best_raw": 74.70008795074759,
      "worst_raw": -23.914856265086677,
      "big_wins_10pct": 27,
      "catastrophes_15pct": 5
    },
    "Random skip 50% + FADE": {
      "label": "Random skip 50% + FADE",
      "total_waves": 265,
      "n_skip": 134,
      "n_trade": 131,
      "trade_rate_pct": 49.43396226415094,
      "total_capital_pnl_pct": 14.260301906418148,
      "mean_cap_pnl_per_trade": 0.10885726646120723,
      "win_rate_traded": 77.86259541984732,
      "mean_raw_pnl_traded": 2.1771453292241447,
      "best_raw": 21.74233128834355,
      "worst_raw": -23.914856265086677,
      "big_wins_10pct": 14,
      "catastrophes_15pct": 4
    }
  },
  "by_symbol": [
    {
      "symbol": "DAMUSDT",
      "n": 19,
      "n_trade": 18,
      "cap_pnl": 10.794919786713972,
      "rules_used": {
        "E": 1,
        "D": 17,
        "G": 1
      }
    },
    {
      "symbol": "BSBUSDT",
      "n": 20,
      "n_trade": 18,
      "cap_pnl": 5.324580796187435,
      "rules_used": {
        "E": 2,
        "D": 16,
        "G": 2
      }
    },
    {
      "symbol": "TRADOORUSDT",
      "n": 8,
      "n_trade": 8,
      "cap_pnl": 5.152524042523994,
      "rules_used": {
        "G": 3,
        "D": 5
      }
    },
    {
      "symbol": "ZKJUSDT",
      "n": 20,
      "n_trade": 19,
      "cap_pnl": 4.818444251687361,
      "rules_used": {
        "F1": 2,
        "E": 1,
        "G": 2,
        "D": 15
      }
    },
    {
      "symbol": "LABUSDT",
      "n": 7,
      "n_trade": 7,
      "cap_pnl": 2.7448603120203074,
      "rules_used": {
        "C": 7
      }
    },
    {
      "symbol": "QUSDT",
      "n": 9,
      "n_trade": 7,
      "cap_pnl": 2.74067412678933,
      "rules_used": {
        "G": 3,
        "D": 4,
        "F2": 1,
        "E": 1
      }
    },
    {
      "symbol": "AGTUSDT",
      "n": 12,
      "n_trade": 11,
      "cap_pnl": 2.6331297166573635,
      "rules_used": {
        "E": 1,
        "D": 10,
        "G": 1
      }
    },
    {
      "symbol": "DUSDT",
      "n": 5,
      "n_trade": 5,
      "cap_pnl": 2.23182365633519,
      "rules_used": {
        "C": 5
      }
    },
    {
      "symbol": "APEUSDT",
      "n": 4,
      "n_trade": 4,
      "cap_pnl": 1.9440128617609718,
      "rules_used": {
        "B": 2,
        "G": 2
      }
    },
    {
      "symbol": "PUMPBTCUSDT",
      "n": 4,
      "n_trade": 2,
      "cap_pnl": 1.5169869495562125,
      "rules_used": {
        "G": 2,
        "E": 1,
        "F2": 1
      }
    },
    {
      "symbol": "BASUSDT",
      "n": 7,
      "n_trade": 5,
      "cap_pnl": 1.0701596682940027,
      "rules_used": {
        "G": 5,
        "E": 2
      }
    },
    {
      "symbol": "HIGHUSDT",
      "n": 3,
      "n_trade": 3,
      "cap_pnl": 1.0547605678190586,
      "rules_used": {
        "C": 3
      }
    },
    {
      "symbol": "PLAYUSDT",
      "n": 5,
      "n_trade": 5,
      "cap_pnl": 0.8533124097831303,
      "rules_used": {
        "B": 4,
        "G": 1
      }
    },
    {
      "symbol": "ORCAUSDT",
      "n": 6,
      "n_trade": 3,
      "cap_pnl": 0.7866675215551834,
      "rules_used": {
        "E": 3,
        "G": 3
      }
    },
    {
      "symbol": "ESPORTSUSDT",
      "n": 3,
      "n_trade": 1,
      "cap_pnl": 0.7282241014799155,
      "rules_used": {
        "B": 1,
        "F2": 2
      }
    },
    {
      "symbol": "OPGUSDT",
      "n": 7,
      "n_trade": 5,
      "cap_pnl": 0.6518103289481813,
      "rules_used": {
        "G": 5,
        "E": 2
      }
    },
    {
      "symbol": "KATUSDT",
      "n": 6,
      "n_trade": 3,
      "cap_pnl": 0.5638580438730573,
      "rules_used": {
        "G": 3,
        "E": 3
      }
    },
    {
      "symbol": "PRLUSDT",
      "n": 5,
      "n_trade": 3,
      "cap_pnl": 0.5609096092683462,
      "rules_used": {
        "G": 3,
        "E": 2
      }
    },
    {
      "symbol": "MOVRUSDT",
      "n": 4,
      "n_trade": 1,
      "cap_pnl": 0.5226415094339617,
      "rules_used": {
        "E": 3,
        "G": 1
      }
    },
    {
      "symbol": "ZBTUSDT",
      "n": 8,
      "n_trade": 4,
      "cap_pnl": 0.1520234680991428,
      "rules_used": {
        "G": 4,
        "E": 4
      }
    },
    {
      "symbol": "SOMIUSDT",
      "n": 3,
      "n_trade": 2,
      "cap_pnl": 0.0797461435413555,
      "rules_used": {
        "E": 1,
        "G": 2
      }
    },
    {
      "symbol": "CHIPUSDT",
      "n": 3,
      "n_trade": 1,
      "cap_pnl": 0.0742797998964984,
      "rules_used": {
        "G": 1,